Sea Breeze Little Pleasures Vaporizer Oil,Home Fragrance |  Fragrance Oil ,650.00,,,https://www.songofindia.co.in/pub/media/catalog/product/cache/9de28376cf0a90a24fc8d32559def8dd/l/p/lpvo500-se.jpg,"https://www.songofindia.co.in/pub/media/catalog/product/cache/9de28376cf0a90a24fc8d32559def8dd/l/p/lpvo500-se.jpg, https://www.songofindia.co.in/pub/media/catalog/product/cache/9de28376cf0a90a24fc8d32559def8dd/l/p/lpvo500-se_1.jpg",1691824226704
Neroli Bergamot Little Pleasures Vaporizer Oil,Home Fragrance |  Fragrance Oil ,650.00,,,https://www.songofindia.co.in/pub/media/catalog/product/cache/9de28376cf0a90a24fc8d32559def8dd/l/p/lpvo500-nebe.jpg,"https://www.songofindia.co.in/pub/media/catalog/product/cache/9de28376cf0a90a24fc8d32559def8dd/l/p/lpvo500-nebe.jpg, https://www.songofindia.co.in/pub/media/catalog/product/cache/9de28376cf0a90a24fc8d32559def8dd/l/p/lpvo500-nebe1.jpg",1691824235007
Lily of the Valley Little Pleasures Vaporizer Oil,Home Fragrance |  Fragrance Oil ,650.00,,,https://www.songofindia.co.in/pub/media/catalog/product/cache/9de28376cf0a90a24fc8d32559def8dd/l/p/lpvo500-ly.jpg,"https://www.songofindia.co.in/pub/media/catalog/product/cache/9de28376cf0a90a24fc8d32559def8dd/l/p/lpvo500-ly.jpg, https://www.songofindia.co.in/pub/media/catalog/product/cache/9de28376cf0a90a24fc8d32559def8dd/l/p/lpvo500-ly1.jpg",1691824246291
French Lavender Little Pleasures Vaporizer Oil,Home Fragrance |  Fragrance Oil ,650.00,,,https://www.songofindia.co.in/pub/media/catalog/product/cache/9de28376cf0a90a24fc8d32559def8dd/l/p/lpvo500-lv_.jpg,"https://www.songofindia.co.in/pub/media/catalog/product/cache/9de28376cf0a90a24fc8d32559def8dd/l/p/lpvo500-lv_.jpg, https://www.songofindia.co.in/pub/media/catalog/product/cache/9de28376cf0a90a24fc8d32559def8dd/l/p/lpvo500-lv_1.jpg",1691824257476
Lemongrass Ginger Little Pleasures Vaporizer Oil,Home Fragrance |  Fragrance Oil ,650.00,,,https://www.songofindia.co.in/pub/media/catalog/product/cache/9de28376cf0a90a24fc8d32559def8dd/l/p/lpvo500-lgi.jpg,"https://www.songofindia.co.in/pub/media/catalog/product/cache/9de28376cf0a90a24fc8d32559def8dd/l/p/lpvo500-lgi.jpg, https://www.songofindia.co.in/pub/media/catalog/product/cache/9de28376cf0a90a24fc8d32559def8dd/l/p/lpvo500-lgi1.jpg",1691824269246
Ivory Musk Little Pleasures Vaporizer Oil Ready-to-Use,Home Fragrance |  Fragrance Oil ,650.00,,,https://www.songofindia.co.in/pub/media/catalog/product/cache/9de28376cf0a90a24fc8d32559def8dd/l/p/lpvo500-iv.jpg,"https://www.songofindia.co.in/pub/media/catalog/product/cache/9de28376cf0a90a24fc8d32559def8dd/l/p/lpvo500-iv.jpg, https://www.songofindia.co.in/pub/media/catalog/product/cache/9de28376cf0a90a24fc8d32559def8dd/l/p/lpvo500-iv_1.jpg",1691824279459
Honeysuckle Little Pleasures Vaporizer Oil,Home Fragrance |  Fragrance Oil ,650.00,,,https://www.songofindia.co.in/pub/media/catalog/product/cache/9de28376cf0a90a24fc8d32559def8dd/l/p/lpvo500-hs.jpg,"https://www.songofindia.co.in/pub/media/catalog/product/cache/9de28376cf0a90a24fc8d32559def8dd/l/p/lpvo500-hs.jpg, https://www.songofindia.co.in/pub/media/catalog/product/cache/9de28376cf0a90a24fc8d32559def8dd/l/p/lpvo500-hs_1.jpg",1691824290588
Patchouli Vanilla Organic Goodness Vaporizer Oil,Home Fragrance |  Fragrance Oil ,695.00,,"Content
500 ml.
",https://www.songofindia.co.in/pub/media/catalog/product/cache/9de28376cf0a90a24fc8d32559def8dd/o/r/orvo500-pav.jpg,"https://www.songofindia.co.in/pub/media/catalog/product/cache/9de28376cf0a90a24fc8d32559def8dd/o/r/orvo500-pav.jpg, https://www.songofindia.co.in/pub/media/catalog/product/cache/9de28376cf0a90a24fc8d32559def8dd/o/r/orvo500-pav_1.jpg",1691824301137
Sea Breeze Little Pleasures Vaporizer Oil,Home Fragrance |  Fragrance Oil ,650.00,,,https://www.songofindia.co.in/pub/media/catalog/product/cache/9de28376cf0a90a24fc8d32559def8dd/l/p/lpvo500-se.jpg,"https://www.songofindia.co.in/pub/media/catalog/product/cache/9de28376cf0a90a24fc8d32559def8dd/l/p/lpvo500-se.jpg, https://www.songofindia.co.in/pub/media/catalog/product/cache/9de28376cf0a90a24fc8d32559def8dd/l/p/lpvo500-se_1.jpg",1691824381208
Neroli Bergamot Little Pleasures Vaporizer Oil,Home Fragrance |  Fragrance Oil ,650.00,,,https://www.songofindia.co.in/pub/media/catalog/product/cache/9de28376cf0a90a24fc8d32559def8dd/l/p/lpvo500-nebe.jpg,"https://www.songofindia.co.in/pub/media/catalog/product/cache/9de28376cf0a90a24fc8d32559def8dd/l/p/lpvo500-nebe.jpg, https://www.songofindia.co.in/pub/media/catalog/product/cache/9de28376cf0a90a24fc8d32559def8dd/l/p/lpvo500-nebe1.jpg",1691824390091
Lily of the Valley Little Pleasures Vaporizer Oil,Home Fragrance |  Fragrance Oil ,650.00,,,https://www.songofindia.co.in/pub/media/catalog/product/cache/9de28376cf0a90a24fc8d32559def8dd/l/p/lpvo500-ly.jpg,"https://www.songofindia.co.in/pub/media/catalog/product/cache/9de28376cf0a90a24fc8d32559def8dd/l/p/lpvo500-ly.jpg, https://www.songofindia.co.in/pub/media/catalog/product/cache/9de28376cf0a90a24fc8d32559def8dd/l/p/lpvo500-ly1.jpg",1691824400603
French Lavender Little Pleasures Vaporizer Oil,Home Fragrance |  Fragrance Oil ,650.00,,,https://www.songofindia.co.in/pub/media/catalog/product/cache/9de28376cf0a90a24fc8d32559def8dd/l/p/lpvo500-lv_.jpg,"https://www.songofindia.co.in/pub/media/catalog/product/cache/9de28376cf0a90a24fc8d32559def8dd/l/p/lpvo500-lv_.jpg, https://www.songofindia.co.in/pub/media/catalog/product/cache/9de28376cf0a90a24fc8d32559def8dd/l/p/lpvo500-lv_1.jpg",1691824411353
Lemongrass Ginger Little Pleasures Vaporizer Oil,Home Fragrance |  Fragrance Oil ,650.00,,,https://www.songofindia.co.in/pub/media/catalog/product/cache/9de28376cf0a90a24fc8d32559def8dd/l/p/lpvo500-lgi.jpg,"https://www.songofindia.co.in/pub/media/catalog/product/cache/9de28376cf0a90a24fc8d32559def8dd/l/p/lpvo500-lgi.jpg, https://www.songofindia.co.in/pub/media/catalog/product/cache/9de28376cf0a90a24fc8d32559def8dd/l/p/lpvo500-lgi1.jpg",1691824421945
Ivory Musk Little Pleasures Vaporizer Oil Ready-to-Use,Home Fragrance |  Fragrance Oil ,650.00,,,https://www.songofindia.co.in/pub/media/catalog/product/cache/9de28376cf0a90a24fc8d32559def8dd/l/p/lpvo500-iv.jpg,"https://www.songofindia.co.in/pub/media/catalog/product/cache/9de28376cf0a90a24fc8d32559def8dd/l/p/lpvo500-iv.jpg, https://www.songofindia.co.in/pub/media/catalog/product/cache/9de28376cf0a90a24fc8d32559def8dd/l/p/lpvo500-iv_1.jpg",1691824431192
Honeysuckle Little Pleasures Vaporizer Oil,Home Fragrance |  Fragrance Oil ,650.00,,,https://www.songofindia.co.in/pub/media/catalog/product/cache/9de28376cf0a90a24fc8d32559def8dd/l/p/lpvo500-hs.jpg,"https://www.songofindia.co.in/pub/media/catalog/product/cache/9de28376cf0a90a24fc8d32559def8dd/l/p/lpvo500-hs.jpg, https://www.songofindia.co.in/pub/media/catalog/product/cache/9de28376cf0a90a24fc8d32559def8dd/l/p/lpvo500-hs_1.jpg",1691824442273
Patchouli Vanilla Organic Goodness Vaporizer Oil,Home Fragrance |  Fragrance Oil ,695.00,,"Content
500 ml.
",https://www.songofindia.co.in/pub/media/catalog/product/cache/9de28376cf0a90a24fc8d32559def8dd/o/r/orvo500-pav.jpg,"https://www.songofindia.co.in/pub/media/catalog/product/cache/9de28376cf0a90a24fc8d32559def8dd/o/r/orvo500-pav.jpg, https://www.songofindia.co.in/pub/media/catalog/product/cache/9de28376cf0a90a24fc8d32559def8dd/o/r/orvo500-pav_1.jpg",1691824452356
Nagpuri Narangi - Orange Organic Goodness Vaporizer Oil,Home Fragrance |  Fragrance Oil ,695.00,,"Content
500 ml.
",https://www.songofindia.co.in/pub/media/catalog/product/cache/9de28376cf0a90a24fc8d32559def8dd/o/r/orvo500-or.jpg,"https://www.songofindia.co.in/pub/media/catalog/product/cache/9de28376cf0a90a24fc8d32559def8dd/o/r/orvo500-or.jpg, https://www.songofindia.co.in/pub/media/catalog/product/cache/9de28376cf0a90a24fc8d32559def8dd/o/r/orvo500-or_1.jpg",1691824462588
Dehn Al Oudh - Agarwood Organic Goodness Vaporizer Oil,Home Fragrance |  Fragrance Oil ,695.00,,"Content
500 ml.
",https://www.songofindia.co.in/pub/media/catalog/product/cache/9de28376cf0a90a24fc8d32559def8dd/o/r/orvo500-oo_.jpg,"https://www.songofindia.co.in/pub/media/catalog/product/cache/9de28376cf0a90a24fc8d32559def8dd/o/r/orvo500-oo_.jpg, https://www.songofindia.co.in/pub/media/catalog/product/cache/9de28376cf0a90a24fc8d32559def8dd/o/r/orvo500-oo_1.jpg",1691824472622
Madurai Jasmine Organic Goodness Vaporizer Oil,Home Fragrance |  Fragrance Oil ,695.00,,"Content
500 ml.
",https://www.songofindia.co.in/pub/media/catalog/product/cache/9de28376cf0a90a24fc8d32559def8dd/o/r/orvo500-ja.jpg,"https://www.songofindia.co.in/pub/media/catalog/product/cache/9de28376cf0a90a24fc8d32559def8dd/o/r/orvo500-ja.jpg, https://www.songofindia.co.in/pub/media/catalog/product/cache/9de28376cf0a90a24fc8d32559def8dd/o/r/orvo500-ja_1.jpg",1691824483844
Desi Gulab - Rose Organic Goodness Vaporizer Oil,Home Fragrance |  Fragrance Oil ,695.00,,,https://www.songofindia.co.in/pub/media/catalog/product/cache/9de28376cf0a90a24fc8d32559def8dd/o/r/orvo500-gu.jpg,"https://www.songofindia.co.in/pub/media/catalog/product/cache/9de28376cf0a90a24fc8d32559def8dd/o/r/orvo500-gu.jpg, https://www.songofindia.co.in/pub/media/catalog/product/cache/9de28376cf0a90a24fc8d32559def8dd/o/r/orvo500-gu_1.jpg",1691824494321
Mysore Chandan - Sandalwood Organic Vaporizer Oil,Home Fragrance |  Fragrance Oil ,695.00,,"Content
500 ml.
",https://www.songofindia.co.in/pub/media/catalog/product/cache/9de28376cf0a90a24fc8d32559def8dd/o/r/orvo500-cn.jpg,"https://www.songofindia.co.in/pub/media/catalog/product/cache/9de28376cf0a90a24fc8d32559def8dd/o/r/orvo500-cn.jpg, https://www.songofindia.co.in/pub/media/catalog/product/cache/9de28376cf0a90a24fc8d32559def8dd/o/r/orvo500-cn_1.jpg",1691824504562
Ylang Ylang Pure Essential Oil,Home Fragrance |  Fragrance Oil ,375.00,"This exceptional water soluble oil is a blend of pure, naturally distilled essential oils in cold-pressed base oils of organically grown herbs, to leave your skin supple, silky smooth and hydrated. The Nargis flower infusion in the Forest Essentials After Bath Oil Nargis refreshes the skin while lightly scenting it.



BENEFITS


This nourishing blend softens the skin for an ethereal glow.
This leaves the skin lightly scented with the delicate fragrance of the Kashmiri Nargis.
Free from chemicals, parabens and petrochemicals.
Eco-friendly packaging.","Weight
10.000000
Description
Radiance Ritual: 3 indulgent steps for the perfect at-home facial. Worth ₹3550, now available at an
introductory price of ₹2500
How to Use
Soundarya Club Members can earn up to 95.70 points on the purchase of this product. Know More
",https://www.songofindia.co.in/pub/media/catalog/product/cache/9de28376cf0a90a24fc8d32559def8dd/l/v/lveo10-yy_1_1.jpg,"https://www.songofindia.co.in/pub/media/catalog/product/cache/9de28376cf0a90a24fc8d32559def8dd/l/v/lveo10-yy_1_1.jpg, https://www.songofindia.co.in/pub/media/catalog/product/cache/9de28376cf0a90a24fc8d32559def8dd/l/v/lveo10-yy_2.jpg",1691824515403
Tea Tree Pure Essential Oil,Home Fragrance |  Fragrance Oil ,375.00,,,https://www.songofindia.co.in/pub/media/catalog/product/cache/9de28376cf0a90a24fc8d32559def8dd/l/v/lveo10-ttr.jpg,"https://www.songofindia.co.in/pub/media/catalog/product/cache/9de28376cf0a90a24fc8d32559def8dd/l/v/lveo10-ttr.jpg, https://www.songofindia.co.in/pub/media/catalog/product/cache/9de28376cf0a90a24fc8d32559def8dd/l/v/lveo10-ttr_2.jpg, https://www.songofindia.co.in/pub/media/catalog/product/cache/9de28376cf0a90a24fc8d32559def8dd/l/v/lveo10-ttr_1_1.jpg",1691824526694
Rosemary Pure Essential Oil,Home Fragrance |  Fragrance Oil ,375.00,,,https://www.songofindia.co.in/pub/media/catalog/product/cache/9de28376cf0a90a24fc8d32559def8dd/l/v/lveo10-rsm_1_1.jpg,"https://www.songofindia.co.in/pub/media/catalog/product/cache/9de28376cf0a90a24fc8d32559def8dd/l/v/lveo10-rsm_1_1.jpg, https://www.songofindia.co.in/pub/media/catalog/product/cache/9de28376cf0a90a24fc8d32559def8dd/l/v/lveo10-rsm_2.jpg, https://www.songofindia.co.in/pub/media/catalog/product/cache/9de28376cf0a90a24fc8d32559def8dd/l/v/lveo10-rsm_1_1_1.jpg",1691824539847
Neroli Pure Essential Oil,Home Fragrance |  Fragrance Oil ,595.00,,,https://www.songofindia.co.in/pub/media/catalog/product/cache/9de28376cf0a90a24fc8d32559def8dd/l/v/lveo10-ne.jpg,"https://www.songofindia.co.in/pub/media/catalog/product/cache/9de28376cf0a90a24fc8d32559def8dd/l/v/lveo10-ne.jpg, https://www.songofindia.co.in/pub/media/catalog/product/cache/9de28376cf0a90a24fc8d32559def8dd/l/v/lveo10-ne_2.jpg, https://www.songofindia.co.in/pub/media/catalog/product/cache/9de28376cf0a90a24fc8d32559def8dd/l/v/lveo10-ne_1_1.jpg",1691824553790
Lavender Pure Essential Oil,Home Fragrance |  Fragrance Oil ,375.00,,,https://www.songofindia.co.in/pub/media/catalog/product/cache/9de28376cf0a90a24fc8d32559def8dd/l/v/lveo10-lv.jpg,"https://www.songofindia.co.in/pub/media/catalog/product/cache/9de28376cf0a90a24fc8d32559def8dd/l/v/lveo10-lv.jpg, https://www.songofindia.co.in/pub/media/catalog/product/cache/9de28376cf0a90a24fc8d32559def8dd/l/v/lveo10-lv_2.jpg, https://www.songofindia.co.in/pub/media/catalog/product/cache/9de28376cf0a90a24fc8d32559def8dd/l/v/lveo10-lv_1_1.jpg",1691824567280
Lemongrass Pure Essential Oil,Home Fragrance |  Fragrance Oil ,375.00,,,https://www.songofindia.co.in/pub/media/catalog/product/cache/9de28376cf0a90a24fc8d32559def8dd/l/v/lveo10-gr.jpg,"https://www.songofindia.co.in/pub/media/catalog/product/cache/9de28376cf0a90a24fc8d32559def8dd/l/v/lveo10-gr.jpg, https://www.songofindia.co.in/pub/media/catalog/product/cache/9de28376cf0a90a24fc8d32559def8dd/l/v/lveo10-gr_2.jpg, https://www.songofindia.co.in/pub/media/catalog/product/cache/9de28376cf0a90a24fc8d32559def8dd/l/v/lveo10-gr_1_1.jpg",1691824581323
Geranium Pure Essential Oil,Home Fragrance |  Fragrance Oil ,375.00,,,https://www.songofindia.co.in/pub/media/catalog/product/cache/9de28376cf0a90a24fc8d32559def8dd/l/v/lveo10-gnm.jpg,"https://www.songofindia.co.in/pub/media/catalog/product/cache/9de28376cf0a90a24fc8d32559def8dd/l/v/lveo10-gnm.jpg, https://www.songofindia.co.in/pub/media/catalog/product/cache/9de28376cf0a90a24fc8d32559def8dd/l/v/lveo10-gnm_2.jpg, https://www.songofindia.co.in/pub/media/catalog/product/cache/9de28376cf0a90a24fc8d32559def8dd/l/v/lveo10-gnm_1_1.jpg",1691824594147
Eucalyptus Pure Essential Oil,Home Fragrance |  Fragrance Oil ,375.00,,,https://www.songofindia.co.in/pub/media/catalog/product/cache/9de28376cf0a90a24fc8d32559def8dd/l/v/lveo10-eut.jpg,"https://www.songofindia.co.in/pub/media/catalog/product/cache/9de28376cf0a90a24fc8d32559def8dd/l/v/lveo10-eut.jpg, https://www.songofindia.co.in/pub/media/catalog/product/cache/9de28376cf0a90a24fc8d32559def8dd/l/v/lveo10-eut_2.jpg, https://www.songofindia.co.in/pub/media/catalog/product/cache/9de28376cf0a90a24fc8d32559def8dd/l/v/lveo10-eut_1_1.jpg",1691824607911
Mysore Chandan - Sandalwood Organic Ambience Aroma Oil,Home Fragrance |  Fragrance Oil ,375.00,"For that delicate, fresh fragrance. Made with love!
Mysore Chandan / Sandalwood / Sandal / Santal. The captivating scent of sandalwood soothes all the senses and relaxes the mind. This fragrance transports you to a blissful state of calm and tranquil.","Weight
0.042000
Content
10 ml highly concentrated premium aroma diffuser oil. Add 4-5 drops to 30 ml. water. Our finest oil
will fill your home, office with the most beautiful and natural fragrance.
Description
Comes in a convenient & easy-to-use 10ml glass amber bottles with easy dispensing euro dropper
(orifice dropper inset in bottle) caps. The bottles are LEAK PROOF and of superior quality.
Story
Organic Goodness It's all about going back to the roots to discover the true joys of life. For the
blissful scent of rose and jasmine will always bring a smile to your lips, the potent goodness of
sandalwood and patchouli will warm your heart, and the freshness of orange transports you back to a
joyous childhood. Going back to these basics, we believe in making beautiful products, rich in
organic ingredients and handmade with love. Together, these herbal products are not only the key to
a healthy organic lifestyle, but also strengthen our bond with our roots with all that is beautiful
and natural.
Ingredients
Organic essential oils. Non-toxic and 100% natural.
How to Use
Add a few drops of this fragrance oil to your diffuser burner or potpourri to have the ambience
smelling absolutely wonderful!
Olfactory Note
Relaxation of Mind and Body | Promotes Sound Sleep | Mood Booster | Reduces Anxiety & Depression |
Calming Properties. USES: The oil can be added to soap base, candle waxes, unscented incense sticks
or cones, baths, bodycare and haircare formulations, aroma diffusers, homemade cleaning products, or
existing unscented products.
",https://www.songofindia.co.in/pub/media/catalog/product/cache/9de28376cf0a90a24fc8d32559def8dd/o/r/orao10-cn.jpg,"https://www.songofindia.co.in/pub/media/catalog/product/cache/9de28376cf0a90a24fc8d32559def8dd/o/r/orao10-cn.jpg, https://www.songofindia.co.in/pub/media/catalog/product/cache/9de28376cf0a90a24fc8d32559def8dd/o/r/orao10-cn_4.jpg, https://www.songofindia.co.in/pub/media/catalog/product/cache/9de28376cf0a90a24fc8d32559def8dd/o/r/orao10-cn1.jpg",1691824621361
Madurai Jasmine Agarwood Organic Ambience Aroma Oil,Home Fragrance |  Fragrance Oil ,375.00,"For that delicate, fresh fragrance. Made with love!
Madurai Jasmine / Chameli / Motia / Mogra. Nothing beats the beautiful scent of jasmine blossoms and fresh mogra. Its soft, delicate floral note infuses the ambience with a lovely lingering fresh fragrance.","Weight
0.042000
Content
10 ml highly concentrated premium aroma diffuser oil. Add 4-5 drops to 30 ml. water. Our finest oil
will fill your home, office with the most beautiful and natural fragrance.
Description
Comes in a convenient & easy-to-use 10ml glass amber bottles with easy dispensing euro dropper
(orifice dropper inset in bottle) caps. The bottles are LEAK PROOF and of superior quality.
Story
Organic Goodness It's all about going back to the roots to discover the true joys of life. For the
blissful scent of rose and jasmine will always bring a smile to your lips, the potent goodness of
sandalwood and patchouli will warm your heart, and the freshness of orange transports you back to a
joyous childhood. Going back to these basics, we believe in making beautiful products, rich in
organic ingredients and handmade with love. Together, these herbal products are not only the key to
a healthy organic lifestyle, but also strengthen our bond with our roots with all that is beautiful
and natural.
Ingredients
Organic essential oils. Non-toxic and 100% natural.
How to Use
Add a few drops of this fragrance oil to your diffuser burner or potpourri to have the ambience
smelling absolutely wonderful!
Olfactory Note
Relaxation of Mind and Body | Promotes Sound Sleep | Mood Booster | Reduces Anxiety & Depression |
Calming Properties. USES: The oil can be added to soap base, candle waxes, unscented incense sticks
or cones, baths, bodycare and haircare formulations, aroma diffusers, homemade cleaning products, or
existing unscented products.
",https://www.songofindia.co.in/pub/media/catalog/product/cache/9de28376cf0a90a24fc8d32559def8dd/o/r/orao10-ja.jpg,"https://www.songofindia.co.in/pub/media/catalog/product/cache/9de28376cf0a90a24fc8d32559def8dd/o/r/orao10-ja.jpg, https://www.songofindia.co.in/pub/media/catalog/product/cache/9de28376cf0a90a24fc8d32559def8dd/o/r/orao10-ja_4.jpg, https://www.songofindia.co.in/pub/media/catalog/product/cache/9de28376cf0a90a24fc8d32559def8dd/o/r/orao10-ja_1.jpg",1691824637585
Desi Gulab - Rose Organic Ambience Aroma Oil,Home Fragrance |  Fragrance Oil ,375.00,"For that delicate, fresh fragrance. Made with love!
Desi Gulab / Rose. Exquisite organic rose fragrance accentuates the ambience with a subtle and lingering scent. One whiff of this romantic floral note and we are sure you’ll fall in love with it.","Weight
0.042000
Content
10 ml highly concentrated premium aroma diffuser oil. Add 4-5 drops to 30 ml. water. Our finest oil
will fill your home, office with the most beautiful and natural fragrance
Description
Comes in a convenient & easy-to-use 10ml glass amber bottles with easy dispensing euro dropper
(orifice dropper inset in bottle) caps. The bottles are LEAK PROOF and of superior quality.
Story
Organic Goodness It's all about going back to the roots to discover the true joys of life. For the
blissful scent of rose and jasmine will always bring a smile to your lips, the potent goodness of
sandalwood and patchouli will warm your heart, and the freshness of orange transports you back to a
joyous childhood. Going back to these basics, we believe in making beautiful products, rich in
organic ingredients and handmade with love. Together, these herbal products are not only the key to
a healthy organic lifestyle, but also strengthen our bond with our roots with all that is beautiful
and natural.
Ingredients
Organic essential oils. Non-toxic and 100% natural.
How to Use
Add a few drops of this fragrance oil to your diffuser burner or potpourri to have the ambience
smelling absolutely wonderful!
Olfactory Note
Relaxation of Mind and Body | Promotes Sound Sleep | Mood Booster | Reduces Anxiety & Depression |
Calming Properties. USES: The oil can be added to soap base, candle waxes, unscented incense sticks
or cones, baths, bodycare and haircare formulations, aroma diffusers, homemade cleaning products, or
existing unscented products.
",https://www.songofindia.co.in/pub/media/catalog/product/cache/9de28376cf0a90a24fc8d32559def8dd/o/r/orao10-gu.jpg,"https://www.songofindia.co.in/pub/media/catalog/product/cache/9de28376cf0a90a24fc8d32559def8dd/o/r/orao10-gu.jpg, https://www.songofindia.co.in/pub/media/catalog/product/cache/9de28376cf0a90a24fc8d32559def8dd/o/r/orao10-gu4.jpg, https://www.songofindia.co.in/pub/media/catalog/product/cache/9de28376cf0a90a24fc8d32559def8dd/o/r/orao10-gu1.jpg",1691824654407
Dehn Al Oudh - Agarwood Organic Ambience Aroma Oil,Home Fragrance |  Fragrance Oil ,375.00,"For that delicate, fresh fragrance. Made with love!
Dehn Al Oudh / Oud / Agarwood / Aloeswood. Its luxurious, rich and heavenly aroma makes this our signature scent. The warm and inviting woody scent of this oudh fragrance is definitely a class apart.","Weight
0.042000
Content
10 ml highly concentrated premium aroma diffuser oil. Add 4-5 drops to 30 ml. water. Our finest oil
will fill your home, office with the most beautiful and natural fragrance.
Description
Comes in a convenient & easy-to-use 10ml glass amber bottles with easy dispensing euro dropper
(orifice dropper inset in bottle) caps. The bottles are LEAK PROOF and of superior quality.
Story
Organic Goodness It's all about going back to the roots to discover the true joys of life. For the
blissful scent of rose and jasmine will always bring a smile to your lips, the potent goodness of
sandalwood and patchouli will warm your heart, and the freshness of orange transports you back to a
joyous childhood. Going back to these basics, we believe in making beautiful products, rich in
organic ingredients and handmade with love. Together, these herbal products are not only the key to
a healthy organic lifestyle, but also strengthen our bond with our roots with all that is beautiful
and natural.
Ingredients
Organic essential oils. Non-toxic and 100% natural.
How to Use
Add a few drops of this fragrance oil to your diffuser burner or potpourri to have the ambience
smelling absolutely wonderful!
Olfactory Note
Relaxation of Mind and Body | Promotes Sound Sleep | Mood Booster | Reduces Anxiety & Depression |
Calming Properties. USES: The oil can be added to soap base, candle waxes, unscented incense sticks
or cones, baths, bodycare and haircare formulations, aroma diffusers, homemade cleaning products, or
existing unscented products.
",https://www.songofindia.co.in/pub/media/catalog/product/cache/9de28376cf0a90a24fc8d32559def8dd/o/r/orao10-oo.jpg,"https://www.songofindia.co.in/pub/media/catalog/product/cache/9de28376cf0a90a24fc8d32559def8dd/o/r/orao10-oo.jpg, https://www.songofindia.co.in/pub/media/catalog/product/cache/9de28376cf0a90a24fc8d32559def8dd/o/r/orao10-oo_4.jpg, https://www.songofindia.co.in/pub/media/catalog/product/cache/9de28376cf0a90a24fc8d32559def8dd/o/r/orao10-oo_1.jpg",1691824672041
Nagpuri Narangi - Orange Organic Ambience Aroma Oil,Home Fragrance |  Fragrance Oil ,375.00,"For that delicate, fresh fragrance. Made with love!
Nagpuri Narangi / Orange. This tantalizing citrusy scent of fresh oranges infuses the ambience with its vibrant energy and vitality. Its fragrance works like a charm to uplift and rejuvenate the mind.","Weight
0.042000
Content
10 ml highly concentrated premium aroma diffuser oil. Add 4-5 drops to 30 ml. water. Our finest oil
will fill your home, office with the most beautiful and natural fragrance.
Description
Comes in a convenient & easy-to-use 10ml glass amber bottles with easy dispensing euro dropper
(orifice dropper inset in bottle) caps. The bottles are LEAK PROOF and of superior quality.
Story
Organic Goodness It's all about going back to the roots to discover the true joys of life. For the
blissful scent of rose and jasmine will always bring a smile to your lips, the potent goodness of
sandalwood and patchouli will warm your heart, and the freshness of orange transports you back to a
joyous childhood. Going back to these basics, we believe in making beautiful products, rich in
organic ingredients and handmade with love. Together, these herbal products are not only the key to
a healthy organic lifestyle, but also strengthen our bond with our roots with all that is beautiful
and natural.
Ingredients
Organic essential oils. Non-toxic and 100% natural.
How to Use
Add a few drops of this fragrance oil to your diffuser burner or potpourri to have the ambience
smelling absolutely wonderful!
Olfactory Note
Relaxation of Mind and Body | Promotes Sound Sleep | Mood Booster | Reduces Anxiety & Depression |
Calming Properties. USES: The oil can be added to soap base, candle waxes, unscented incense sticks
or cones, baths, bodycare and haircare formulations, aroma diffusers, homemade cleaning products, or
existing unscented products.
",https://www.songofindia.co.in/pub/media/catalog/product/cache/9de28376cf0a90a24fc8d32559def8dd/o/r/orao10-or.jpg,"https://www.songofindia.co.in/pub/media/catalog/product/cache/9de28376cf0a90a24fc8d32559def8dd/o/r/orao10-or.jpg, https://www.songofindia.co.in/pub/media/catalog/product/cache/9de28376cf0a90a24fc8d32559def8dd/o/r/orao10-or_4.jpg, https://www.songofindia.co.in/pub/media/catalog/product/cache/9de28376cf0a90a24fc8d32559def8dd/o/r/orao10-or_1.jpg",1691824689496
Patchouli Vanilla Organic Ambience Aroma Oil,Home Fragrance |  Fragrance Oil ,375.00,"For that delicate, fresh fragrance. Made with love!
Patchouli Vanilla. The beautiful blend of patchouli and vanilla is sweet, earthy and absolutely magical! You are definitely going to be charmed by the mystical appeal of this fragrance.","Weight
0.042000
Content
10 ml highly concentrated premium aroma diffuser oil. Add 4-5 drops to 30 ml. water. Our finest oil
will fill your home, office with the most beautiful and natural fragrance.
Description
Comes in a convenient & easy-to-use 10ml glass amber bottles with easy dispensing euro dropper
(orifice dropper inset in bottle) caps. The bottles are LEAK PROOF and of superior quality.
Story
Organic Goodness It's all about going back to the roots to discover the true joys of life. For the
blissful scent of rose and jasmine will always bring a smile to your lips, the potent goodness of
sandalwood and patchouli will warm your heart, and the freshness of orange transports you back to a
joyous childhood. Going back to these basics, we believe in making beautiful products, rich in
organic ingredients and handmade with love. Together, these herbal products are not only the key to
a healthy organic lifestyle, but also strengthen our bond with our roots with all that is beautiful
and natural.
Ingredients
Organic essential oils. Non-toxic and 100% natural.
How to Use
Add a few drops of this fragrance oil to your diffuser burner or potpourri to have the ambience
smelling absolutely wonderful!
Olfactory Note
Relaxation of Mind and Body | Promotes Sound Sleep | Mood Booster | Reduces Anxiety & Depression |
Calming Properties. USES: The oil can be added to soap base, candle waxes, unscented incense sticks
or cones, baths, bodycare and haircare formulations, aroma diffusers, homemade cleaning products, or
existing unscented products.
",https://www.songofindia.co.in/pub/media/catalog/product/cache/9de28376cf0a90a24fc8d32559def8dd/o/r/orao10-pav.jpg,"https://www.songofindia.co.in/pub/media/catalog/product/cache/9de28376cf0a90a24fc8d32559def8dd/o/r/orao10-pav.jpg, https://www.songofindia.co.in/pub/media/catalog/product/cache/9de28376cf0a90a24fc8d32559def8dd/o/r/orao10-pav4.jpg, https://www.songofindia.co.in/pub/media/catalog/product/cache/9de28376cf0a90a24fc8d32559def8dd/o/r/orao10-pav1.jpg",1691824706358
Honeysuckle Luxurious Aromatherapy Oil,Home Fragrance |  Fragrance Oil ,325.00,"Subtle, lingering, sensuous scents!

Honeysuckle. Flittering from flower to flower, lapping up the sweet nectar of Honeysuckle blossoms as the sun slowly rises up the sky, the bees seem most content. One of the most loved fresh floral fragrances, this scent is pure pleasure for the senses.","Weight
0.052000
Content
10 ml highly concentrated premium aroma diffuser oil. Add 4-5 drops to 30 ml. water. Our finest oil
will fill your home, office with the most beautiful and natural fragrance.
Story
Little Pleasures The morning dew drops sparkle bright in the rays of the sun, colourful butterflies
dance from flower to flower as the soft spring breeze blows gently over fresh blooms, filling the
atmosphere with their sweet fragrance. You stand there soaking it all in, reveling in the little
pleasures of life! Inspired from nature and its goodness, we bring to you an incredible selection of
charming fragrances. Vibrant, fresh and new, this range is sure to captivate your heart and make you
smile.
Ingredients
Natural fragrant oils. Non-toxic and safe to use.
How to Use
Just add a couple of drops to the diffuser burner or potpourri to have your ambience smelling
wonderful with its delicate fragrance.
Olfactory Note
Relaxation of Mind and Body | Promotes Sound Sleep | Mood Booster | Reduces Anxiety & Depression |
Calming Properties. USES: The oil can be added to massage oil, soap base, candle waxes, unscented
incense sticks or cones, baths, bodycare and haircare formulations, aroma diffusers, homemade
cleaning products, or existing unscented products
",https://www.songofindia.co.in/pub/media/catalog/product/cache/9de28376cf0a90a24fc8d32559def8dd/l/p/lpao10-hs.jpg,"https://www.songofindia.co.in/pub/media/catalog/product/cache/9de28376cf0a90a24fc8d32559def8dd/l/p/lpao10-hs.jpg, https://www.songofindia.co.in/pub/media/catalog/product/cache/9de28376cf0a90a24fc8d32559def8dd/l/p/lpao10-hs1.jpg",1691824724386
Neroli Bergamot Luxurious Aromatherapy Oil,Home Fragrance |  Fragrance Oil ,325.00,"Subtle, lingering, sensuous scents!

Neroli Bergamot / Citrus / Orange / Juicy. Few fragrances are fresher than the invigorating scent of the bright and vibrant orange blossoms of neroli. This cheerful scent instantly perks up the mind with its zesty citrus note.","Weight
0.052000
Content
10 ml highly concentrated premium aroma diffuser oil. Add 4-5 drops to 30 ml. water. Our finest oil
will fill your home, office with the most beautiful and natural fragrance.
Description
Comes in a convenient & easy-to-use 10ml. blue glass bottle with easy dispensing euro dropper
(orifice dropper inset in bottle) caps. An extra pipette dropper with golden cap is also provided
inside the box. This gives you the option to apply the oil in two ways: using orifice reducer or
pipette. The bottles are LEAK PROOF and of superior quality.
Story
Little Pleasures The morning dew drops sparkle bright in the rays of the sun, colourful butterflies
dance from flower to flower as the soft spring breeze blows gently over fresh blooms, filling the
atmosphere with their sweet fragrance. You stand there soaking it all in, reveling in the little
pleasures of life! Inspired from nature and its goodness, we bring to you an incredible selection of
charming fragrances. Vibrant, fresh and new, this range is sure to captivate your heart and make you
smile.
Ingredients
Natural fragrant oils. Non-toxic and safe to use.
How to Use
Just add a couple of drops to the diffuser burner or potpourri to have your ambience smelling
wonderful with its delicate fragrance.
Olfactory Note
Relaxation of Mind and Body | Promotes Sound Sleep | Mood Booster | Reduces Anxiety & Depression |
Calming Properties. USES: The oil can be added to massage oil, soap base, candle waxes, unscented
incense sticks or cones, baths, bodycare and haircare formulations, aroma diffusers, homemade
cleaning products, or existing unscented products.
",https://www.songofindia.co.in/pub/media/catalog/product/cache/9de28376cf0a90a24fc8d32559def8dd/l/p/lpao10-nebe.jpg,"https://www.songofindia.co.in/pub/media/catalog/product/cache/9de28376cf0a90a24fc8d32559def8dd/l/p/lpao10-nebe.jpg, https://www.songofindia.co.in/pub/media/catalog/product/cache/9de28376cf0a90a24fc8d32559def8dd/l/p/lpao10-nebe1.jpg",1691824735457
Sea Breeze Luxurious Aromatherapy Oil,Home Fragrance |  Fragrance Oil ,325.00,"Subtle, lingering, sensuous scents!

Sea Breeze / Ocean Breeze. Soft, gentle, yet full of vigor and life, the sea breeze makes you feel so alive! Its fresh vivacious note infuses energy into the body, mind and soul. This scent will take you to a bright beautiful day by the sea.","Weight
0.052000
Content
10 ml highly concentrated premium aroma diffuser oil. Add 4-5 drops to 30 ml. water. Our finest oil
will fill your home, office with the most beautiful and natural fragrance.
Description
Comes in a convenient & easy-to-use 10ml. blue glass bottle with easy dispensing euro dropper
(orifice dropper inset in bottle) caps. An extra pipette dropper with golden cap is also provided
inside the box. This gives you the option to apply the oil in two ways: using orifice reducer or
pipette. The bottles are LEAK PROOF and of superior quality.
Story
Little Pleasures The morning dew drops sparkle bright in the rays of the sun, colourful butterflies
dance from flower to flower as the soft spring breeze blows gently over fresh blooms, filling the
atmosphere with their sweet fragrance. You stand there soaking it all in, reveling in the little
pleasures of life! Inspired from nature and its goodness, we bring to you an incredible selection of
charming fragrances. Vibrant, fresh and new, this range is sure to captivate your heart and make you
smile.
Ingredients
Natural fragrant oils. Non-toxic and safe to use.
How to Use
Just add a couple of drops to the diffuser burner or potpourri to have your ambience smelling
wonderful with its delicate fragrance.
Olfactory Note
Relaxation of Mind and Body | Promotes Sound Sleep | Mood Booster | Reduces Anxiety & Depression |
Calming Properties. USES: The oil can be added to massage oil, soap base, candle waxes, unscented
incense sticks or cones, baths, bodycare and haircare formulations, aroma diffusers, homemade
cleaning products, or existing unscented products.
",https://www.songofindia.co.in/pub/media/catalog/product/cache/9de28376cf0a90a24fc8d32559def8dd/l/p/lpao10-se.jpg,"https://www.songofindia.co.in/pub/media/catalog/product/cache/9de28376cf0a90a24fc8d32559def8dd/l/p/lpao10-se.jpg, https://www.songofindia.co.in/pub/media/catalog/product/cache/9de28376cf0a90a24fc8d32559def8dd/l/p/lpao10-se1.jpg",1691824746698
Lily of the Valley Luxurious Aromatherapy Oil,Home Fragrance |  Fragrance Oil ,325.00,"Subtle, lingering, sensuous scents!

Lily of the Valley. Floating on the soft breeze of the English countryside, the delicate scent of dainty little lily blossoms just wonderfully uplifts the natural beauty of their surroundings. One of nature’s most beloved fragrance, it’s hard not to fall in love with this dreamy note.","Weight
0.052000
Content
10 ml highly concentrated premium aroma diffuser oil. Add 4-5 drops to 30 ml. water. Our finest oil
will fill your home, office with the most beautiful and natural fragrance.
Description
Comes in a convenient & easy-to-use 10ml. blue glass bottle with easy dispensing euro dropper
(orifice dropper inset in bottle) caps. An extra pipette dropper with golden cap is also provided
inside the box. This gives you the option to apply the oil in two ways: using orifice reducer or
pipette. The bottles are LEAK PROOF and of superior quality.
Story
Little Pleasures The morning dew drops sparkle bright in the rays of the sun, colourful butterflies
dance from flower to flower as the soft spring breeze blows gently over fresh blooms, filling the
atmosphere with their sweet fragrance. You stand there soaking it all in, reveling in the little
pleasures of life! Inspired from nature and its goodness, we bring to you an incredible selection of
charming fragrances. Vibrant, fresh and new, this range is sure to captivate your heart and make you
smile.
Ingredients
Natural fragrant oils. Non-toxic and safe to use.
How to Use
Just add a couple of drops to the diffuser burner or potpourri to have your ambience smelling
wonderful with its delicate fragrance.
Olfactory Note
Relaxation of Mind and Body | Promotes Sound Sleep | Mood Booster | Reduces Anxiety & Depression |
Calming Properties. USES: The oil can be added to massage oil, soap base, candle waxes, unscented
incense sticks or cones, baths, bodycare and haircare formulations, aroma diffusers, homemade
cleaning products, or existing unscented products.
",https://www.songofindia.co.in/pub/media/catalog/product/cache/9de28376cf0a90a24fc8d32559def8dd/l/p/lpao10-ly.jpg,"https://www.songofindia.co.in/pub/media/catalog/product/cache/9de28376cf0a90a24fc8d32559def8dd/l/p/lpao10-ly.jpg, https://www.songofindia.co.in/pub/media/catalog/product/cache/9de28376cf0a90a24fc8d32559def8dd/l/p/lpao10-ly1.jpg",1691824757345
Ivory Musk Luxurious Aromatherapy Oil,Home Fragrance |  Fragrance Oil ,325.00,"Subtle, lingering, sensuous scents.

Ivory Musk. Precious and rare, this exquisite fragrance was once exclusively used only by the Indian royalty. For centuries, this has been one of the most coveted scents. You will find the luxe aroma of this signature scent to be sensuous and captivating.","Weight
0.052000
Content
10 ml highly concentrated premium aroma diffuser oil. Add 4-5 drops to 30 ml. water. Our finest oil
will fill your home, office with the most beautiful and natural fragrance.
Description
Comes in a convenient & easy-to-use 10ml. blue glass bottle with easy dispensing euro dropper
(orifice dropper inset in bottle) caps. An extra pipette dropper with golden cap is also provided
inside the box. This gives you the option to apply the oil in two ways: using orifice reducer or
pipette. The bottles are LEAK PROOF and of superior quality.
Story
Little Pleasures The morning dew drops sparkle bright in the rays of the sun, colourful butterflies
dance from flower to flower as the soft spring breeze blows gently over fresh blooms, filling the
atmosphere with their sweet fragrance. You stand there soaking it all in, reveling in the little
pleasures of life! Inspired from nature and its goodness, we bring to you an incredible selection of
charming fragrances. Vibrant, fresh and new, this range is sure to captivate your heart and make you
smile.
Ingredients
Natural fragrant oils. Non-toxic and safe to use.
How to Use
Just add a couple of drops to the diffuser burner or potpourri to have your ambience smelling
wonderful with its delicate fragrance.
Olfactory Note
Relaxation of Mind and Body | Promotes Sound Sleep | Mood Booster | Reduces Anxiety & Depression |
Calming Properties. USES: The oil can be added to massage oil, soap base, candle waxes, unscented
incense sticks or cones, baths, bodycare and haircare formulations, aroma diffusers, homemade
cleaning products, or existing unscented products.
",https://www.songofindia.co.in/pub/media/catalog/product/cache/9de28376cf0a90a24fc8d32559def8dd/l/p/lpao10-iv.jpg,"https://www.songofindia.co.in/pub/media/catalog/product/cache/9de28376cf0a90a24fc8d32559def8dd/l/p/lpao10-iv.jpg, https://www.songofindia.co.in/pub/media/catalog/product/cache/9de28376cf0a90a24fc8d32559def8dd/l/p/lpao10-iv1.jpg",1691824767937
French Lavender Luxurious Aromatherapy Oil,Home Fragrance |  Fragrance Oil ,325.00,"Subtle, lingering, sensuous scents!

French Lavender / Lavandin / Lavandula. Stretching majestically over the purple lavender fields of French landscapes, these beautifully slender flowers infuse the crisp air with a heavenly fragrance. This scent will transport you to summertime in Provence de France.","Weight
0.052000
Content
10 ml highly concentrated premium aroma diffuser oil. Add 4-5 drops to 30 ml. water. Our finest oil
will fill your home, office with the most beautiful and natural fragrance.
Description
Comes in a convenient & easy-to-use 10ml. blue glass bottle with easy dispensing euro dropper
(orifice dropper inset in bottle) caps. An extra pipette dropper with golden cap is also provided
inside the box. This gives you the option to apply the oil in two ways: using orifice reducer or
pipette. The bottles are LEAK PROOF and of superior quality.
Story
Little Pleasures The morning dew drops sparkle bright in the rays of the sun, colourful butterflies
dance from flower to flower as the soft spring breeze blows gently over fresh blooms, filling the
atmosphere with their sweet fragrance. You stand there soaking it all in, reveling in the little
pleasures of life! Inspired from nature and its goodness, we bring to you an incredible selection of
charming fragrances. Vibrant, fresh and new, this range is sure to captivate your heart and make you
smile.
Ingredients
Natural fragrant oils. Non-toxic and safe to use.
How to Use
Just add a couple of drops to the diffuser burner or potpourri to have your ambience smelling
wonderful with its delicate fragrance.
Olfactory Note
Relaxation of Mind and Body | Promotes Sound Sleep | Mood Booster | Reduces Anxiety & Depression |
Calming Properties. USES: The oil can be added to massage oil, soap base, candle waxes, unscented
incense sticks or cones, baths, bodycare and haircare formulations, aroma diffusers, homemade
cleaning products, or existing unscented products.
",https://www.songofindia.co.in/pub/media/catalog/product/cache/9de28376cf0a90a24fc8d32559def8dd/l/p/lpao10-lv.jpg,"https://www.songofindia.co.in/pub/media/catalog/product/cache/9de28376cf0a90a24fc8d32559def8dd/l/p/lpao10-lv.jpg, https://www.songofindia.co.in/pub/media/catalog/product/cache/9de28376cf0a90a24fc8d32559def8dd/l/p/lpao10-lv_1.jpg",1691824779082
Aqua Oud Ayurveda Aroma Oil,Home Fragrance |  Fragrance Oil ,295.00,"Ayurveda Aroma Oil - the power of scent is the guiding principle behind aromatherapy. The soothing scent of this aroma diffuser oil freshens and delights the mind, body and soul. Made with natural essential oils, the oil has cooling and soothing properties.","Content
10 ml. highly concentrated premium aroma diffuser oil. Add 4-5 drops to 30 ml. water. Our finest oil
will fill your home, office with the most beautiful and natural fragrance.
Description
Aqua Oud (Cooling and Soothing). The sophisticated and cooling aqua notes combine perfectly with the
irresistible warm and soothing fragrance of Assam agarwood oil. You are definitely going to be
charmed by the mystical appeal of this fragrance.
Story
WHO IS A PITTA? Logical and focused, usually of average height and a muscular built. May suffer from
fits of anger and find it difficult to relax.
Ingredients
Prepared with natural essential oils that are non-toxic.
How to Use
Combine it with a carrier oil of your choice for a relaxing massage. Add a few drops to your
diffuser burner or potpourri to have the ambience smelling absolutely wonderful.
Olfactory Note
Comes in a convenient & easy-to-use 10 ml. amber colored glass bottle with easy dispensing euro
dropper (orifice dropper inset in bottle) caps. The bottles are LEAK PROOF and of superior quality.
",https://www.songofindia.co.in/pub/media/catalog/product/cache/9de28376cf0a90a24fc8d32559def8dd/l/v/lvao10aqoo_1.jpg,"https://www.songofindia.co.in/pub/media/catalog/product/cache/9de28376cf0a90a24fc8d32559def8dd/l/v/lvao10aqoo_1.jpg, https://www.songofindia.co.in/pub/media/catalog/product/cache/9de28376cf0a90a24fc8d32559def8dd/l/v/lvao10-aqoo_1.jpg",1691824790548
Lavender Lemongrass  Ayurveda Aroma Oil,Home Fragrance |  Fragrance Oil ,295.00,"Ayurveda Aroma Oil - the power of scent is the guiding principle behind aromatherapy. The soothing scent of this aroma diffuser oil freshens and delights the mind, body and soul. Made with natural essential oils, the oil has calming and refreshing properties.","Content
10 ml. highly concentrated premium aroma diffuser oil. Add 4-5 drops to 30 ml. water. Our finest oil
will fill your home, office with the most beautiful and natural fragrance.
Description
Lavender Lemongrass (Calming and Refreshing). The wonderful balance between the calming power of
lavender and the refreshing essence of citrusy lemongrass make it the ideal essential oil blend for
Tridosha. You are definitely going to be charmed by the mystical appeal of this fragrance.
Story
WHO IS A TRIDOSHA? Inherently at ease, harmonious individuals, exuberating a natural balance.
Usually of medium built, they have an ideal physique. They may fear the unknown and find it
difficult to manage extremely stressful situations.
Ingredients
Prepared with natural essential oils that are non-toxic.
How to Use
Combine it with a carrier oil of your choice for a relaxing massage. Add a few drops to your
diffuser burner or potpourri to have the ambience smelling absolutely wonderful.
Olfactory Note
Comes in a convenient & easy-to-use 10 ml. amber colored glass bottle with easy dispensing euro
dropper (orifice dropper inset in bottle) caps. The bottles are LEAK PROOF and of superior quality.
",https://www.songofindia.co.in/pub/media/catalog/product/cache/9de28376cf0a90a24fc8d32559def8dd/l/v/lvao10lvlg.jpg,"https://www.songofindia.co.in/pub/media/catalog/product/cache/9de28376cf0a90a24fc8d32559def8dd/l/v/lvao10lvlg.jpg, https://www.songofindia.co.in/pub/media/catalog/product/cache/9de28376cf0a90a24fc8d32559def8dd/l/v/lvao10_lvlg_1_1.jpg",1691824801356
Sage Mint Ayurveda Aroma Oil,Home Fragrance |  Fragrance Oil ,295.00,"Ayurveda Aroma Oil - the power of scent is the guiding principle behind aromatherapy. The soothing scent of this aroma diffuser oil freshens and delights the mind, body and soul. Made with natural essential oils, the oil has cleansing and recharging properties.","Content
10 ml. highly concentrated premium aroma diffuser oil. Add 4-5 drops to 30 ml. water. Our finest oil
will fill your home, office with the most beautiful and natural fragrance.
Description
FRAGRANCE:  Sage Mint (Cleansing and Recharging). The Earthy blend of holy sage cleanses the
surroundings, while the cooling properties of mint leaves keep you charged and invigorated all day.
You are definitely going to be charmed by the mystical appeal of this fragrance
Story
WHO IS A KAPHA? Calm, loving and understanding with an impressive built, and well defined features.
They may exhibit tendencies to over-eat, avoid exercise and sleep excessively.
Ingredients
Prepared with natural essential oils that are non-toxic.
How to Use
Combine it with a carrier oil of your choice for a relaxing massage. Add a few drops to your
diffuser burner or potpourri to have the ambience smelling absolutely wonderful
Olfactory Note
Comes in a convenient & easy-to-use 10 ml. amber colored glass bottle with easy dispensing euro
dropper (orifice dropper inset in bottle) caps. The bottles are LEAK PROOF and of superior quality.
",https://www.songofindia.co.in/pub/media/catalog/product/cache/9de28376cf0a90a24fc8d32559def8dd/l/v/lvao10-sgmt.jpg,https://www.songofindia.co.in/pub/media/catalog/product/cache/9de28376cf0a90a24fc8d32559def8dd/l/v/lvao10-sgmt.jpg,1691824812645
Tuberose Jasmine Ayurveda Aroma Oil,Home Fragrance |  Fragrance Oil ,295.00,"Ayurveda Aroma Oil - the power of scent is the guiding principle behind aromatherapy. The soothing scent of this aroma diffuser oil freshens and delights the mind, body and soul. Made with natural essential oils, the oil has uplifting and anti-stress properties.","Content
10 ml. highly concentrated premium aroma diffuser oil. Add 4-5 drops to 30 ml. water. Our finest oil
will fill your home, office with the most beautiful and natural fragrance.
Description
FRAGRANCE: Tuberose Jasmine (Uplifting and Anti-Stress). Notes of fresh Indian Jasmine flowers
combine fabulously with white blossoms of tuberose to form this uplifting and stress relieving
fragrance. You are definitely going to be charmed by the mystical appeal of this fragrance.
Story
WHO IS A VATA? Enthusiastic, light and creative with an athletic built. They sometimes get restless
or suffer from sleeping disorders.
Ingredients
Prepared with natural essential oils that are non-toxic.
How to Use
Combine it with a carrier oil of your choice for a relaxing massage. Add a few drops to your
diffuser burner or potpourri to have the ambience smelling absolutely wonderful.
Olfactory Note
Comes in a convenient & easy-to-use 10 ml. amber colored glass bottle with easy dispensing euro
dropper (orifice dropper inset in bottle) caps. The bottles are LEAK PROOF and of superior quality.
",https://www.songofindia.co.in/pub/media/catalog/product/cache/9de28376cf0a90a24fc8d32559def8dd/l/v/lvao10tuja.jpg,"https://www.songofindia.co.in/pub/media/catalog/product/cache/9de28376cf0a90a24fc8d32559def8dd/l/v/lvao10tuja.jpg, https://www.songofindia.co.in/pub/media/catalog/product/cache/9de28376cf0a90a24fc8d32559def8dd/l/v/lvao10-tuja.jpg, https://www.songofindia.co.in/pub/media/catalog/product/cache/9de28376cf0a90a24fc8d32559def8dd/l/v/lvao10tuja1.jpg",1691824818980
Love Notes Essential Oil Blend With Dropper,Home Fragrance |  Fragrance Oil ,395.00,"Love Notes Essential OilEssential oils are organic compounds extracted from plants with tremendous healing properties. Using essential oils for healing purposes is often called aromatherapy, which is a holistic treatment seeking to improve physical, mental and emotional health.Essential Oil is  often used for relaxation, beauty care, home cleaning and most often used as natural medicine.","Content
10ml. Blend Essential Oil
",https://www.songofindia.co.in/pub/media/catalog/product/cache/9de28376cf0a90a24fc8d32559def8dd/e/o/eobl10-lov_1.jpg,https://www.songofindia.co.in/pub/media/catalog/product/cache/9de28376cf0a90a24fc8d32559def8dd/e/o/eobl10-lov_1.jpg,1691824832604
De-Stress & Unwind Essential Oil Blend With Dropper,Home Fragrance |  Fragrance Oil ,395.00,"De-Stress & Unwind Essential OilEssential oils are organic compounds extracted from plants with tremendous healing properties. Using essential oils for healing purposes is often called aromatherapy, which is a holistic treatment seeking to improve physical, mental and emotional health.Essential Oil is often used for relaxation, beauty care, home cleaning and most often used as natural medicine.","Content
10ml. Blend Essential Oil
",https://www.songofindia.co.in/pub/media/catalog/product/cache/9de28376cf0a90a24fc8d32559def8dd/e/o/eobl10-str_1.jpg,https://www.songofindia.co.in/pub/media/catalog/product/cache/9de28376cf0a90a24fc8d32559def8dd/e/o/eobl10-str_1.jpg,1691824838642
Sweet Dreams Essential Oil Blend With Dropper,Home Fragrance |  Fragrance Oil ,395.00,"Sweet Dreams Essential OilEssential oils are organic compounds extracted from plants with tremendous healing properties. Using essential oils for healing purposes is often called aromatherapy, which is a holistic treatment seeking to improve physical, mental and emotional health.Essential Oil is often used for relaxation, beauty care, home cleaning and most often used as natural medicine.","Content
10ml. Blend Essential Oil
",https://www.songofindia.co.in/pub/media/catalog/product/cache/9de28376cf0a90a24fc8d32559def8dd/e/o/eobl10-dre_1.jpg,https://www.songofindia.co.in/pub/media/catalog/product/cache/9de28376cf0a90a24fc8d32559def8dd/e/o/eobl10-dre_1.jpg,1691824844788
Whiff of Happiness Essential Oil Blend With Dropper,Home Fragrance |  Fragrance Oil ,395.00,"Whiff of Happiness Essential OilEssential oils are organic compounds extracted from plants with tremendous healing properties. Using essential oils for healing purposes is often called aromatherapy, which is a holistic treatment seeking to improve physical, mental and emotional health.Essential Oil is often used for relaxation, beauty care, home cleaning and most often used as natural medicine.","Content
10ml. Blend Essential Oil
",https://www.songofindia.co.in/pub/media/catalog/product/cache/9de28376cf0a90a24fc8d32559def8dd/e/o/eobl10-hp_1.jpg,https://www.songofindia.co.in/pub/media/catalog/product/cache/9de28376cf0a90a24fc8d32559def8dd/e/o/eobl10-hp_1.jpg,1691824850686
Be Energized Essential Oil Blend Dropper,Home Fragrance |  Fragrance Oil ,395.00,"Be Energized Essential OilEssential oils are organic compounds extracted from plants with tremendous healing properties. Using essential oils for healing purposes is often called aromatherapy, which is a holistic treatment seeking to improve physical, mental and emotional health.Essential Oil is  often used for relaxation, beauty care, home cleaning and most often used as natural medicine.","Content
10ml. Blend Essential Oil
",https://www.songofindia.co.in/pub/media/catalog/product/cache/9de28376cf0a90a24fc8d32559def8dd/e/o/eobl10-en_1.jpg,https://www.songofindia.co.in/pub/media/catalog/product/cache/9de28376cf0a90a24fc8d32559def8dd/e/o/eobl10-en_1.jpg,1691824857278
Keep Calm Essential Oil Blend With Dropper,Home Fragrance |  Fragrance Oil ,395.00,"Keep Calm Essential OilEssential oils are organic compounds extracted from plants with tremendous healing properties. Using essential oils for healing purposes is often called aromatherapy, which is a holistic treatment seeking to improve physical, mental and emotional health.Essential Oil is often used for relaxation, beauty care, home cleaning and most often used as natural medicine.","Content
10ml. Blend Essential Oil
",https://www.songofindia.co.in/pub/media/catalog/product/cache/9de28376cf0a90a24fc8d32559def8dd/e/o/eobl10-clm.jpg,https://www.songofindia.co.in/pub/media/catalog/product/cache/9de28376cf0a90a24fc8d32559def8dd/e/o/eobl10-clm.jpg,1691824863193
Rejuvenate Essential Oil Blend in With Dropper,Home Fragrance |  Fragrance Oil ,395.00,"Rejuvenate Essential OilEssential oils are organic compounds extracted from plants with tremendous healing properties. Using essential oils for healing purposes is often called aromatherapy, which is a holistic treatment seeking to improve physical, mental and emotional health.Essential Oil is often used for relaxation, beauty care, home cleaning and most often used as natural medicine.","Content
10ml. Blend Essential Oil
",https://www.songofindia.co.in/pub/media/catalog/product/cache/9de28376cf0a90a24fc8d32559def8dd/e/o/eobl10-rej_1.jpg,https://www.songofindia.co.in/pub/media/catalog/product/cache/9de28376cf0a90a24fc8d32559def8dd/e/o/eobl10-rej_1.jpg,1691824869275
Cool Breeze Essential Oil Blend with Dropper,Home Fragrance |  Fragrance Oil ,395.00,"Cool Breeze Essential OilEssential oils are organic compounds extracted from plants with tremendous healing properties. Using essential oils for healing purposes is often called aromatherapy, which is a holistic treatment seeking to improve physical, mental and emotional health.Essential Oil is often used for relaxation, beauty care, home cleaning and most often used as natural medicine.","Content
10ml. Blend Essential Oil
",https://www.songofindia.co.in/pub/media/catalog/product/cache/9de28376cf0a90a24fc8d32559def8dd/e/o/eobl10-clb.jpg,https://www.songofindia.co.in/pub/media/catalog/product/cache/9de28376cf0a90a24fc8d32559def8dd/e/o/eobl10-clb.jpg,1691824875533
Sea Breeze Bulk Aromatherapy Oil,Home Fragrance |  Fragrance Oil ,850.00,"Subtle, lingering, sensuous scents!

Soft, gentle, yet full of vigor and life, the sea breeze makes you feel so alive! Its fresh vivacious note infuses energy into the body, mind and soul.","Content
100 ml.
Story
Little Pleasures The morning dew drops sparkle bright in the rays of the sun, colourful butterflies
dance from flower to flower as the soft spring breeze blows gently over fresh blooms, filling the
atmosphere with their sweet fragrance. You stand there soaking it all in, reveling in the little
pleasures of life! Inspired from nature and its goodness, we bring to you an incredible selection of
charming fragrances. Vibrant, fresh and new, this range is sure to captivate your heart and make you
smile.
How to Use
Just add a couple of drops to the diffuser burner or potpourri to have your ambience smelling
wonderful with its delicate fragrance.
",https://www.songofindia.co.in/pub/media/catalog/product/cache/9de28376cf0a90a24fc8d32559def8dd/l/p/lpaoc-se_1.jpg,https://www.songofindia.co.in/pub/media/catalog/product/cache/9de28376cf0a90a24fc8d32559def8dd/l/p/lpaoc-se_1.jpg,1691824881515
Neroli Bergamot Bulk Aromatherapy Oil,Home Fragrance |  Fragrance Oil ,850.00,"Subtle, lingering, sensuous scents!

This cheerful scent of the bright and vibrant orange blossoms of neroli instantly perks up the mind with its zesty citrus note.","Content
100 ml.
Story
Little Pleasures The morning dew drops sparkle bright in the rays of the sun, colourful butterflies
dance from flower to flower as the soft spring breeze blows gently over fresh blooms, filling the
atmosphere with their sweet fragrance. You stand there soaking it all in, reveling in the little
pleasures of life! Inspired from nature and its goodness, we bring to you an incredible selection of
charming fragrances. Vibrant, fresh and new, this range is sure to captivate your heart and make you
smile.
How to Use
Just add a couple of drops to the diffuser burner or potpourri to have your ambience smelling
wonderful with its delicate fragrance.
",https://www.songofindia.co.in/pub/media/catalog/product/cache/9de28376cf0a90a24fc8d32559def8dd/l/p/lpaoc-nebe.jpg,https://www.songofindia.co.in/pub/media/catalog/product/cache/9de28376cf0a90a24fc8d32559def8dd/l/p/lpaoc-nebe.jpg,1691824887508
Lily of the Valley Bulk Aromatherapy Oil,Home Fragrance |  Fragrance Oil ,850.00,"Subtle, lingering, sensuous scents!

Floating on the soft breeze of the English countryside, the delicate scent of dainty little lily blossoms is simply wonderful. One of nature’s most beloved fragrance, it’s hard not to fall in love with it.","Content
100 ml.
Description
Little Pleasures The morning dew drops sparkle bright in the rays of the sun, colourful butterflies
dance from flower to flower as the soft spring breeze blows gently over fresh blooms, filling the
atmosphere with their sweet fragrance. You stand there soaking it all in, reveling in the little
pleasures of life! Inspired from nature and its goodness, we bring to you an incredible selection of
charming fragrances. Vibrant, fresh and new, this range is sure to captivate your heart and make you
smile.
How to Use
Just add a couple of drops to the diffuser burner or potpourri to have your ambience smelling
wonderful with its delicate fragrance.
",https://www.songofindia.co.in/pub/media/catalog/product/cache/9de28376cf0a90a24fc8d32559def8dd/l/p/lpaoc-ly_1.jpg,https://www.songofindia.co.in/pub/media/catalog/product/cache/9de28376cf0a90a24fc8d32559def8dd/l/p/lpaoc-ly_1.jpg,1691824893686
French Lavender Bulk Aromatherapy Oil,Home Fragrance |  Fragrance Oil ,850.00,"Subtle, lingering, sensuous scents!

Stretching over French landscapes, these beautiful flowers infuse the air with a heavenly fragrance. This scent will transport you to summertime in Provence de France.","Content
100 ml.
Story
Little Pleasures The morning dew drops sparkle bright in the rays of the sun, colourful butterflies
dance from flower to flower as the soft spring breeze blows gently over fresh blooms, filling the
atmosphere with their sweet fragrance. You stand there soaking it all in, reveling in the little
pleasures of life! Inspired from nature and its goodness, we bring to you an incredible selection of
charming fragrances. Vibrant, fresh and new, this range is sure to captivate your heart and make you
smile.
How to Use
Just add a couple of drops to the diffuser burner or potpourri to have your ambience smelling
wonderful with its delicate fragrance.
",https://www.songofindia.co.in/pub/media/catalog/product/cache/9de28376cf0a90a24fc8d32559def8dd/l/p/lpaoc-lv_1.jpg,https://www.songofindia.co.in/pub/media/catalog/product/cache/9de28376cf0a90a24fc8d32559def8dd/l/p/lpaoc-lv_1.jpg,1691824899695
Ivory Musk Bulk Aromatherapy Oil,Home Fragrance |  Fragrance Oil ,850.00,"Subtle, lingering, sensuous scents.

Precious and rare, this exquisite fragrance was once exclusively used only by the Indian royalty. You will find the luxe aroma of this signature scent to be sensuous and captivating.","Content
100 ml.
Story
Little Pleasures The morning dew drops sparkle bright in the rays of the sun, colourful butterflies
dance from flower to flower as the soft spring breeze blows gently over fresh blooms, filling the
atmosphere with their sweet fragrance. You stand there soaking it all in, reveling in the little
pleasures of life! Inspired from nature and its goodness, we bring to you an incredible selection of
charming fragrances. Vibrant, fresh and new, this range is sure to captivate your heart and make you
smile.
How to Use
Just add a couple of drops to the diffuser burner or potpourri to have your ambience smelling
wonderful with its delicate fragrance.
",https://www.songofindia.co.in/pub/media/catalog/product/cache/9de28376cf0a90a24fc8d32559def8dd/l/p/lpaoc-iv.jpg,https://www.songofindia.co.in/pub/media/catalog/product/cache/9de28376cf0a90a24fc8d32559def8dd/l/p/lpaoc-iv.jpg,1691824905533
Honeysuckle Bulk Aromatherapy Oil,Home Fragrance |  Fragrance Oil ,850.00,"Subtle, lingering, sensuous scents!

One of the most loved fresh floral fragrances, this lovely sweet scent is pure pleasure for the senses.","Content
100 ml.
Story
Little Pleasures The morning dew drops sparkle bright in the rays of the sun, colourful butterflies
dance from flower to flower as the soft spring breeze blows gently over fresh blooms, filling the
atmosphere with their sweet fragrance. You stand there soaking it all in, reveling in the little
pleasures of life! Inspired from nature and its goodness, we bring to you an incredible selection of
charming fragrances. Vibrant, fresh and new, this range is sure to captivate your heart and make you
smile.
How to Use
Just add a couple of drops to the diffuser burner or potpourri to have your ambience smelling
wonderful with its delicate fragrance.
",https://www.songofindia.co.in/pub/media/catalog/product/cache/9de28376cf0a90a24fc8d32559def8dd/l/p/lpaoc-hs_1.jpg,https://www.songofindia.co.in/pub/media/catalog/product/cache/9de28376cf0a90a24fc8d32559def8dd/l/p/lpaoc-hs_1.jpg,1691824911751
Mysore Chandan - Sandalwood Organic Bulk Aroma Oil,Home Fragrance |  Fragrance Oil ,925.00,"For that delicate, fresh fragrance. Made with love!
The captivating scent of sandalwood soothes all the senses and relaxes the mind. This fragrance transports you to a blissful state of calm and tranquil.","Content
100 ml.
Story
Organic Goodness It's all about going back to the roots to discover the true joys of life. For the
blissful scent of rose and jasmine will always bring a smile to your lips, the potent goodness of
sandalwood and patchouli will warm your heart, and the freshness of orange transports you back to a
joyous childhood. Going back to these basics, we believe in making beautiful products, rich in
organic ingredients and handmade with love. Together, these herbal products are not only the key to
a healthy organic lifestyle, but also strengthen our bond with our roots with all that is beautiful
and natural.
How to Use
Add a few drops of this fragrance oil to your diffuser burner or potpourri to have the ambience
smelling absolutely wonderful!
",https://www.songofindia.co.in/pub/media/catalog/product/cache/9de28376cf0a90a24fc8d32559def8dd/o/r/oraoc-cn_1.jpg,https://www.songofindia.co.in/pub/media/catalog/product/cache/9de28376cf0a90a24fc8d32559def8dd/o/r/oraoc-cn_1.jpg,1691824917648
Madurai Jasmine Agarwood Organic Bulk Aroma Oil,Home Fragrance |  Fragrance Oil ,925.00,"For that delicate, fresh fragrance. Made with love!
Nothing beats the beautiful scent of jasmine blossoms and fresh mogra. Its soft, delicate floral note infuses the ambience with a lovely lingering fresh fragrance.","Content
100 ml.
Story
Organic Goodness It's all about going back to the roots to discover the true joys of life. For the
blissful scent of rose and jasmine will always bring a smile to your lips, the potent goodness of
sandalwood and patchouli will warm your heart, and the freshness of orange transports you back to a
joyous childhood. Going back to these basics, we believe in making beautiful products, rich in
organic ingredients and handmade with love. Together, these herbal products are not only the key to
a healthy organic lifestyle, but also strengthen our bond with our roots with all that is beautiful
and natural.
How to Use
Add a few drops of this fragrance oil to your diffuser burner or potpourri to have the ambience
smelling absolutely wonderful!
",https://www.songofindia.co.in/pub/media/catalog/product/cache/9de28376cf0a90a24fc8d32559def8dd/o/r/oraoc-ja_1.jpg,https://www.songofindia.co.in/pub/media/catalog/product/cache/9de28376cf0a90a24fc8d32559def8dd/o/r/oraoc-ja_1.jpg,1691824923490
Desi Gulab - Rose Organic Bulk Aroma Oil,Home Fragrance |  Fragrance Oil ,925.00,"For that delicate, fresh fragrance. Made with love!
Velvety to touch, and heavenly to smell – the desi gulab is an all time favourite. The subtle fragrance of rose is wonderfully fresh. One whiff of this romantic floral note and we are sure you’ll fall in love with it.","Content
100 ml.
Description
Organic Goodness It's all about going back to the roots to discover the true joys of life. For the
blissful scent of rose and jasmine will always bring a smile to your lips, the potent goodness of
sandalwood and patchouli will warm your heart, and the freshness of orange transports you back to a
joyous childhood. Going back to these basics, we believe in making beautiful products, rich in
organic ingredients and handmade with love. Together, these herbal products are not only the key to
a healthy organic lifestyle, but also strengthen our bond with our roots with all that is beautiful
and natural.
How to Use
Add a few drops of this fragrance oil to your diffuser burner or potpourri to have the ambience
smelling absolutely wonderful!
",https://www.songofindia.co.in/pub/media/catalog/product/cache/9de28376cf0a90a24fc8d32559def8dd/o/r/oraoc-gu.jpg,https://www.songofindia.co.in/pub/media/catalog/product/cache/9de28376cf0a90a24fc8d32559def8dd/o/r/oraoc-gu.jpg,1691824929700
Dehn Al Oudh - Agarwood Organic Bulk Aroma Oil,Home Fragrance |  Fragrance Oil ,925.00,"For that delicate, fresh fragrance. Made with love!
Its luxurious, rich and heavenly aroma makes this our signature scent. The warm and inviting woody scent of this oudh fragrance is definitely a class apart.","Content
100 ml.
Story
Organic Goodness It's all about going back to the roots to discover the true joys of life. For the
blissful scent of rose and jasmine will always bring a smile to your lips, the potent goodness of
sandalwood and patchouli will warm your heart, and the freshness of orange transports you back to a
joyous childhood. Going back to these basics, we believe in making beautiful products, rich in
organic ingredients and handmade with love. Together, these herbal products are not only the key to
a healthy organic lifestyle, but also strengthen our bond with our roots with all that is beautiful
and natural.
How to Use
Add a few drops of this fragrance oil to your diffuser burner or potpourri to have the ambience
smelling absolutely wonderful!
",https://www.songofindia.co.in/pub/media/catalog/product/cache/9de28376cf0a90a24fc8d32559def8dd/o/r/oraoc-oo.jpg,https://www.songofindia.co.in/pub/media/catalog/product/cache/9de28376cf0a90a24fc8d32559def8dd/o/r/oraoc-oo.jpg,1691824935686
Nagpuri Narangi - Orange Organic Bulk Aroma Oil,Home Fragrance |  Fragrance Oil ,925.00,"For that delicate, fresh fragrance. Made with love!
This tantalizing citrusy scent of fresh oranges infuses the ambience with its vibrant energy and vitality. Its fragrance works like a charm to uplift and rejuvenate the mind.","Content
100 ml.
Story
Organic Goodness It's all about going back to the roots to discover the true joys of life. For the
blissful scent of rose and jasmine will always bring a smile to your lips, the potent goodness of
sandalwood and patchouli will warm your heart, and the freshness of orange transports you back to a
joyous childhood. Going back to these basics, we believe in making beautiful products, rich in
organic ingredients and handmade with love. Together, these herbal products are not only the key to
a healthy organic lifestyle, but also strengthen our bond with our roots with all that is beautiful
and natural.
How to Use
Add a few drops of this fragrance oil to your diffuser burner or potpourri to have the ambience
smelling absolutely wonderful!
",https://www.songofindia.co.in/pub/media/catalog/product/cache/9de28376cf0a90a24fc8d32559def8dd/o/r/oraoc-or_1.jpg,https://www.songofindia.co.in/pub/media/catalog/product/cache/9de28376cf0a90a24fc8d32559def8dd/o/r/oraoc-or_1.jpg,1691824941704
Patchouli Vanilla Organic Bulk Aroma Oil,Home Fragrance |  Fragrance Oil ,925.00,"For that delicate, fresh fragrance. Made with love!
The rich blend of creamy vanilla and calming patchouli will make you feel relaxed and revitalized. Pamper yourself with this luxurious scent after a hard day at work.","Content
100 ml.
Story
Organic Goodness It's all about going back to the roots to discover the true joys of life. For the
blissful scent of rose and jasmine will always bring a smile to your lips, the potent goodness of
sandalwood and patchouli will warm your heart, and the freshness of orange transports you back to a
joyous childhood. Going back to these basics, we believe in making beautiful products, rich in
organic ingredients and handmade with love. Together, these herbal products are not only the key to
a healthy organic lifestyle, but also strengthen our bond with our roots with all that is beautiful
and natural.
How to Use
Add a few drops of this fragrance oil to your diffuser burner or potpourri to have the ambience
smelling absolutely wonderful!
",https://www.songofindia.co.in/pub/media/catalog/product/cache/9de28376cf0a90a24fc8d32559def8dd/o/r/oraoc-pav_1.jpg,https://www.songofindia.co.in/pub/media/catalog/product/cache/9de28376cf0a90a24fc8d32559def8dd/o/r/oraoc-pav_1.jpg,1691824948549
Citronella - Anti Mosquito Essential Aroma Oil,Home Fragrance |  Fragrance Oil ,325.00,"CITRONELLA
Anti-Mosquito Aroma Oil

The natural mosquito-repellant quantities makes this oil a sustainable and natural way of keeping mosquitoes at bay. This Oil is prepared with essential oil.","Weight
0.042000
Content
10 ml.
How to Use
Simmer in Aroma Lamp. Burn in Aroma Rings. Rejuvenate Potpourri. Keep away from children.
",https://www.songofindia.co.in/pub/media/catalog/product/cache/9de28376cf0a90a24fc8d32559def8dd/c/t/ctao10.jpg,https://www.songofindia.co.in/pub/media/catalog/product/cache/9de28376cf0a90a24fc8d32559def8dd/c/t/ctao10.jpg,1691824954347
Citronella - Anti Mosquito Bulk Essential Aroma Oil,Home Fragrance |  Fragrance Oil ,850.00,"CITRONELLA
Anti-Mosquito Aroma Oil

The natural mosquito-repellant quantities makes this oil a sustainable and natural way of keeping mosquitoes at bay. This Oil is prepared with essential oil.","Content
100 ml.
How to Use
Simmer in Aroma Lamp. Burn in Aroma Rings. Rejuvenate Potpourri. Keep away from children.
",https://www.songofindia.co.in/pub/media/catalog/product/cache/9de28376cf0a90a24fc8d32559def8dd/c/t/ctaoc_1.jpg,https://www.songofindia.co.in/pub/media/catalog/product/cache/9de28376cf0a90a24fc8d32559def8dd/c/t/ctaoc_1.jpg,1691824960497
